,T-Blackbody Ave. (C),T-Left-inner-Wall Ave. (C),T-right-inner-wall Ave. (C),T-left-outside-wall Ave. (C)
0:00:00,25.31,25.38,25.41,25.22
0:00:10,25.3,25.37,25.41,25.21
0:00:20,25.31,25.38,25.42,25.21
0:00:30,25.31,25.38,25.43,25.22
0:00:40,25.31,25.37,25.43,25.21
0:00:50,25.31,25.38,25.43,25.21
0:01:00,25.31,25.38,25.43,25.21
0:01:10,25.3,25.37,25.43,25.21
0:01:20,25.31,25.38,25.45,25.21
0:01:30,25.31,25.38,25.45,25.21
0:01:40,25.3,25.37,25.45,25.2
0:01:50,25.31,25.38,25.46,25.21
0:02:00,25.32,25.39,25.48,25.21
0:02:10,25.32,25.39,25.48,25.22
0:02:20,25.32,25.39,25.48,25.22
0:02:30,25.32,25.39,25.49,25.22
0:02:40,25.32,25.39,25.49,25.22
0:02:50,25.33,25.4,25.5,25.22
0:03:00,25.33,25.4,25.49,25.22
0:03:10,25.34,25.41,25.51,25.23
0:03:20,25.33,25.4,25.5,25.23
0:03:30,25.33,25.41,25.49,25.22
0:03:40,25.34,25.41,25.5,25.23
0:03:50,25.35,25.42,25.5,25.23
0:04:00,25.35,25.42,25.48,25.23
0:04:10,25.35,25.42,25.48,25.24
0:04:20,25.35,25.42,25.47,25.23
0:04:30,25.35,25.42,25.46,25.23
0:04:40,25.35,25.43,25.46,25.24
0:04:50,25.36,25.44,25.47,25.24
0:05:00,25.35,25.42,25.46,25.23
0:05:10,25.39,25.43,25.47,25.23
0:05:20,26.53,25.43,25.47,25.23
0:05:30,28.86,25.44,25.47,25.23
0:05:40,31.64,25.45,25.47,25.24
0:05:50,34.53,25.47,25.47,25.25
0:06:00,37.44,25.48,25.47,25.25
0:06:10,40.34,25.49,25.47,25.24
0:06:20,43.32,25.51,25.48,25.25
0:06:30,46.14,25.54,25.49,25.26
0:06:40,48.92,25.55,25.48,25.26
0:06:50,51.65,25.56,25.47,25.24
0:07:00,54.35,25.58,25.49,25.25
0:07:10,57.04,25.61,25.49,25.25
0:07:20,59.93,25.64,25.49,25.26
0:07:30,62.52,25.66,25.49,25.26
0:07:40,65.08,25.68,25.49,25.27
0:07:50,67.61,25.72,25.5,25.28
0:08:00,70.11,25.74,25.51,25.28
0:08:10,72.59,25.77,25.52,25.28
0:08:20,75.18,25.81,25.53,25.3
0:08:30,77.56,25.82,25.53,25.29
0:08:40,79.91,25.85,25.53,25.3
0:08:50,82.25,25.89,25.54,25.3
0:09:00,84.55,25.92,25.55,25.31
0:09:10,86.85,25.94,25.56,25.31
0:09:20,89.21,25.98,25.55,25.32
0:09:30,91.4,26,25.54,25.33
0:09:40,93.57,26.04,25.55,25.33
0:09:50,95.71,26.07,25.55,25.34
0:10:00,97.81,26.1,25.57,25.35
0:10:10,99.88,26.13,25.58,25.35
0:10:20,101.93,26.17,25.59,25.37
0:10:30,103.94,26.21,25.61,25.38
0:10:40,105.93,26.25,25.62,25.39
0:10:50,107.87,26.28,25.63,25.4
0:11:00,109.78,26.31,25.63,25.4
0:11:10,111.67,26.35,25.62,25.42
0:11:20,113.53,26.38,25.61,25.42
0:11:30,115.35,26.41,25.6,25.42
0:11:40,117.15,26.45,25.6,25.43
0:11:50,118.91,26.47,25.61,25.44
0:12:00,120.65,26.51,25.63,25.45
0:12:10,122.37,26.55,25.65,25.46
0:12:20,124.05,26.59,25.66,25.47
0:12:30,125.71,26.63,25.69,25.49
0:12:40,127.34,26.67,25.7,25.51
0:12:50,128.93,26.7,25.71,25.51
0:13:00,130.49,26.74,25.72,25.52
0:13:10,132.03,26.77,25.73,25.53
0:13:20,133.54,26.81,25.74,25.54
0:13:30,135.02,26.84,25.74,25.54
0:13:40,136.47,26.87,25.75,25.55
0:13:50,137.89,26.91,25.75,25.56
0:14:00,139.28,26.93,25.75,25.57
0:14:10,140.67,26.98,25.78,25.59
0:14:20,142.02,27.01,25.79,25.59
0:14:30,143.35,27.05,25.81,25.61
0:14:40,144.65,27.08,25.83,25.62
0:14:50,145.92,27.11,25.84,25.63
0:15:00,147.17,27.15,25.86,25.65
0:15:10,148.39,27.19,25.87,25.66
0:15:20,149.58,27.22,25.87,25.66
0:15:30,150.76,27.25,25.88,25.68
0:15:40,151.91,27.29,25.9,25.7
0:15:50,153.04,27.32,25.91,25.71
0:16:00,154.14,27.36,25.91,25.72
0:16:10,155.21,27.39,25.92,25.72
0:16:20,156.27,27.43,25.94,25.74
0:16:30,157.3,27.46,25.94,25.75
0:16:40,158.31,27.5,25.96,25.77
0:16:50,159.3,27.53,25.97,25.78
0:17:00,160.26,27.56,25.98,25.79
0:17:10,161.21,27.59,25.99,25.8
0:17:20,162.14,27.62,26,25.81
0:17:30,163.05,27.65,26.01,25.82
0:17:40,163.95,27.69,26.03,25.84
0:17:50,164.81,27.71,26.03,25.84
0:18:00,165.67,27.74,26.04,25.86
0:18:10,166.5,27.78,26.06,25.87
0:18:20,167.33,27.81,26.07,25.89
0:18:30,168.12,27.84,26.08,25.9
0:18:40,168.91,27.87,26.09,25.91
0:18:50,169.68,27.9,26.1,25.93
0:19:00,170.44,27.95,26.11,25.95
0:19:10,171.18,27.98,26.12,25.96
0:19:20,171.9,28.01,26.14,25.98
0:19:30,172.59,28.03,26.14,25.98
0:19:40,173.28,28.05,26.15,25.99
0:19:50,173.95,28.08,26.16,26
0:20:00,174.62,28.11,26.17,26.01
0:20:10,175.26,28.14,26.19,26.03
0:20:20,175.9,28.17,26.2,26.04
0:20:30,176.52,28.19,26.21,26.05
0:20:40,177.11,28.21,26.22,26.06
0:20:50,177.71,28.24,26.23,26.07
0:21:00,178.28,28.27,26.24,26.09
0:21:10,178.84,28.29,26.25,26.1
0:21:20,179.4,28.32,26.26,26.11
0:21:30,179.93,28.34,26.27,26.12
0:21:40,180.46,28.37,26.28,26.13
0:21:50,180.98,28.4,26.29,26.15
0:22:00,181.48,28.42,26.3,26.16
0:22:10,181.98,28.45,26.32,26.18
0:22:20,182.46,28.47,26.33,26.19
0:22:30,182.92,28.5,26.34,26.2
0:22:40,183.38,28.52,26.35,26.21
0:22:50,183.82,28.54,26.35,26.21
0:23:00,184.27,28.57,26.37,26.23
0:23:10,184.7,28.59,26.39,26.25
0:23:20,185.12,28.62,26.4,26.27
0:23:30,185.53,28.65,26.42,26.28
0:23:40,185.93,28.67,26.43,26.29
0:23:50,186.32,28.69,26.44,26.31
0:24:00,186.7,28.71,26.45,26.32
0:24:10,187.07,28.73,26.46,26.33
0:24:20,187.44,28.76,26.47,26.34
0:24:30,187.8,28.78,26.49,26.36
0:24:40,188.14,28.8,26.5,26.37
0:24:50,188.47,28.82,26.5,26.37
0:25:00,188.81,28.84,26.52,26.38
0:25:10,189.13,28.86,26.53,26.39
0:25:20,189.45,28.89,26.54,26.41
0:25:30,189.76,28.91,26.55,26.42
0:25:40,190.06,28.93,26.57,26.44
0:25:50,190.36,28.95,26.58,26.45
0:26:00,190.65,28.98,26.59,26.46
0:26:10,190.93,28.99,26.6,26.48
0:26:20,191.2,29.01,26.61,26.48
0:26:30,191.46,29.03,26.62,26.49
0:26:40,191.72,29.04,26.63,26.51
0:26:50,191.99,29.07,26.65,26.53
0:27:00,192.23,29.09,26.66,26.54
0:27:10,192.47,29.11,26.67,26.55
0:27:20,192.71,29.12,26.68,26.56
0:27:30,192.95,29.15,26.69,26.58
0:27:40,193.17,29.17,26.7,26.59
0:27:50,193.39,29.18,26.71,26.59
0:28:00,193.61,29.2,26.72,26.61
0:28:10,193.81,29.21,26.73,26.62
0:28:20,194.02,29.24,26.75,26.63
0:28:30,194.22,29.26,26.76,26.65
0:28:40,194.42,29.27,26.78,26.66
0:28:50,194.61,29.29,26.79,26.67
0:29:00,194.8,29.31,26.8,26.69
0:29:10,194.98,29.33,26.82,26.7
0:29:20,195.16,29.34,26.83,26.71
0:29:30,195.33,29.35,26.84,26.71
0:29:40,195.5,29.38,26.85,26.73
0:29:50,195.66,29.38,26.86,26.73
0:30:00,195.81,29.39,26.86,26.74
0:30:10,195.98,29.42,26.88,26.76
0:30:20,196.13,29.44,26.9,26.77
0:30:30,196.28,29.45,26.9,26.78
0:30:40,196.42,29.46,26.91,26.79
0:30:50,196.58,29.49,26.93,26.81
0:31:00,196.72,29.51,26.94,26.83
0:31:10,196.85,29.52,26.95,26.83
0:31:20,196.98,29.53,26.95,26.83
0:31:30,197.1,29.54,26.96,26.84
0:31:40,197.23,29.55,26.96,26.85
0:31:50,197.35,29.57,26.97,26.87
0:32:00,197.47,29.59,26.98,26.88
0:32:10,197.59,29.61,26.99,26.9
0:32:20,197.72,29.63,27.01,26.91
0:32:30,197.82,29.63,27,26.91
0:32:40,197.92,29.64,27.01,26.92
0:32:50,198.03,29.65,27.02,26.93
0:33:00,198.13,29.67,27.03,26.94
0:33:10,198.23,29.68,27.03,26.95
0:33:20,198.33,29.69,27.04,26.95
0:33:30,198.43,29.71,27.05,26.97
0:33:40,198.53,29.73,27.07,26.99
0:33:50,198.62,29.74,27.08,27
0:34:00,198.71,29.75,27.08,27
0:34:10,198.79,29.76,27.09,27.01
0:34:20,198.88,29.77,27.1,27.02
0:34:30,198.97,29.79,27.12,27.03
0:34:40,199.05,29.8,27.13,27.04
0:34:50,199.13,29.82,27.14,27.06
0:35:00,199.21,29.83,27.15,27.07
0:35:10,199.28,29.84,27.16,27.07
0:35:20,199.35,29.85,27.17,27.08
0:35:30,199.42,29.86,27.18,27.09
0:35:40,199.49,29.87,27.19,27.09
0:35:50,199.57,29.89,27.2,27.11
0:36:00,199.64,29.9,27.21,27.12
0:36:10,199.69,29.9,27.21,27.12
0:36:20,199.75,29.91,27.21,27.13
0:36:30,199.82,29.93,27.22,27.14
0:36:40,199.88,29.94,27.23,27.15
0:36:50,199.94,29.95,27.24,27.16
0:37:00,200,29.96,27.26,27.17
0:37:10,200.06,29.98,27.27,27.18
0:37:20,200.12,29.99,27.28,27.19
0:37:30,200.18,30.01,27.29,27.21
0:37:40,200.23,30.02,27.3,27.21
0:37:50,200.27,30.02,27.3,27.22
0:38:00,200.32,30.03,27.32,27.23
0:38:10,200.37,30.04,27.32,27.23
0:38:20,200.42,30.05,27.33,27.24
0:38:30,200.46,30.06,27.33,27.25
0:38:40,200.51,30.07,27.35,27.26
0:38:50,200.56,30.08,27.35,27.27
0:39:00,200.6,30.09,27.36,27.28
0:39:10,200.65,30.11,27.37,27.29
0:39:20,200.68,30.11,27.37,27.29
0:39:30,200.73,30.13,27.39,27.31
0:39:40,200.77,30.14,27.39,27.31
0:39:50,200.81,30.15,27.4,27.33
0:40:00,200.84,30.16,27.41,27.33
0:40:10,200.88,30.16,27.41,27.33
0:40:20,200.91,30.17,27.42,27.34
0:40:30,200.95,30.18,27.43,27.35
0:40:40,200.98,30.19,27.44,27.36
0:40:50,201.02,30.2,27.46,27.37
0:41:00,201.05,30.21,27.46,27.38
0:41:10,201.09,30.22,27.47,27.39
0:41:20,201.12,30.23,27.49,27.4
0:41:30,201.14,30.23,27.49,27.4
0:41:40,201.16,30.24,27.49,27.4
0:41:50,201.2,30.26,27.51,27.42
0:42:00,201.23,30.26,27.51,27.43
0:42:10,201.25,30.27,27.52,27.42
0:42:20,201.28,30.27,27.51,27.43
0:42:30,201.3,30.28,27.51,27.44
0:42:40,201.33,30.29,27.52,27.45
0:42:50,201.35,30.3,27.52,27.46
0:43:00,201.38,30.31,27.53,27.47
0:43:10,201.4,30.32,27.54,27.47
0:43:20,201.43,30.33,27.55,27.49
0:43:30,201.45,30.33,27.55,27.49
0:43:40,201.47,30.34,27.56,27.49
0:43:50,201.49,30.35,27.57,27.5
0:44:00,201.51,30.35,27.57,27.51
0:44:10,201.53,30.36,27.57,27.51
0:44:20,201.54,30.36,27.58,27.52
0:44:30,201.56,30.37,27.59,27.52
0:44:40,201.59,30.39,27.6,27.53
0:44:50,201.6,30.39,27.6,27.53
0:45:00,201.62,30.4,27.61,27.55
0:45:10,201.64,30.4,27.62,27.56
0:45:20,201.66,30.42,27.63,27.57
0:45:30,201.67,30.42,27.63,27.57
0:45:40,201.69,30.43,27.64,27.57
0:45:50,201.71,30.43,27.65,27.58
0:46:00,201.71,30.43,27.65,27.57
0:46:10,201.72,30.43,27.65,27.58
0:46:20,201.75,30.45,27.67,27.6
0:46:30,201.76,30.46,27.67,27.61
0:46:40,201.77,30.46,27.68,27.61
0:46:50,201.79,30.47,27.68,27.62
0:47:00,201.8,30.47,27.68,27.62
0:47:10,201.82,30.49,27.69,27.64
0:47:20,201.84,30.5,27.7,27.65
0:47:30,201.85,30.51,27.7,27.66
0:47:40,201.86,30.51,27.71,27.66
0:47:50,201.88,30.53,27.71,27.67
0:48:00,201.89,30.53,27.71,27.67
0:48:10,201.9,30.54,27.71,27.68
0:48:20,201.91,30.55,27.72,27.69
0:48:30,201.91,30.54,27.71,27.68
0:48:40,201.93,30.55,27.72,27.69
0:48:50,201.94,30.56,27.73,27.7
0:49:00,201.95,30.56,27.73,27.71
0:49:10,201.96,30.57,27.74,27.71
0:49:20,201.97,30.57,27.74,27.72
0:49:30,201.98,30.58,27.75,27.72
0:49:40,201.99,30.59,27.76,27.73
0:49:50,202.01,30.6,27.77,27.73
0:50:00,202.01,30.6,27.77,27.73
0:50:10,202.02,30.6,27.77,27.74
0:50:20,202.03,30.61,27.77,27.75
0:50:30,202.04,30.62,27.78,27.76
0:50:40,202.05,30.62,27.79,27.76
0:50:50,202.06,30.63,27.8,27.76
0:51:00,202.07,30.64,27.8,27.77
0:51:10,202.08,30.65,27.81,27.78
0:51:20,202.09,30.65,27.81,27.78
0:51:30,202.1,30.66,27.81,27.79
0:51:40,202.11,30.66,27.81,27.8
0:51:50,202.12,30.67,27.81,27.8
0:52:00,202.12,30.67,27.81,27.81
0:52:10,202.12,30.68,27.81,27.81
0:52:20,202.13,30.69,27.82,27.82
0:52:30,202.14,30.69,27.82,27.82
0:52:40,202.15,30.7,27.83,27.83
0:52:50,202.15,30.7,27.83,27.83
0:53:00,202.15,30.7,27.82,27.83
0:53:10,202.16,30.7,27.82,27.83
0:53:20,202.16,30.71,27.82,27.83
0:53:30,202.17,30.72,27.83,27.84
0:53:40,202.18,30.72,27.84,27.85
0:53:50,202.19,30.73,27.84,27.85
0:54:00,202.19,30.73,27.85,27.85
0:54:10,202.2,30.74,27.85,27.86
0:54:20,202.2,30.74,27.85,27.86
0:54:30,202.21,30.75,27.86,27.87
0:54:40,202.2,30.74,27.85,27.87
0:54:50,202.22,30.76,27.87,27.88
0:55:00,202.23,30.76,27.87,27.88
0:55:10,202.23,30.77,27.88,27.89
0:55:20,202.24,30.77,27.88,27.89
0:55:30,202.24,30.77,27.88,27.89
0:55:40,202.25,30.78,27.89,27.9
0:55:50,202.26,30.78,27.9,27.91
0:56:00,202.26,30.79,27.9,27.91
0:56:10,202.26,30.79,27.9,27.91
0:56:20,202.25,30.78,27.89,27.91
0:56:30,202.27,30.8,27.9,27.92
0:56:40,202.27,30.8,27.9,27.92
0:56:50,202.27,30.8,27.9,27.93
0:57:00,202.28,30.81,27.91,27.93
0:57:10,202.29,30.82,27.92,27.94
0:57:20,202.29,30.82,27.92,27.94
0:57:30,202.3,30.83,27.93,27.95
0:57:40,202.3,30.83,27.92,27.95
0:57:50,202.3,30.84,27.93,27.96
0:58:00,202.31,30.84,27.94,27.96
0:58:10,202.31,30.85,27.94,27.96
0:58:20,202.32,30.86,27.95,27.98
0:58:30,202.32,30.85,27.94,27.97
0:58:40,202.33,30.86,27.96,27.98
0:58:50,202.33,30.86,27.96,27.98
0:59:00,202.33,30.86,27.95,27.98
0:59:10,202.33,30.86,27.95,27.98
0:59:20,202.33,30.87,27.96,27.99
0:59:30,202.34,30.87,27.96,28
0:59:40,202.33,30.87,27.96,27.99
0:59:50,202.33,30.87,27.96,27.99
1:00:00,202.34,30.88,27.97,28
1:00:10,202.34,30.89,27.98,28.01
1:00:20,202.34,30.89,27.98,28.01
1:00:30,202.34,30.89,27.98,28.01
1:00:40,202.34,30.89,27.98,28.01
1:00:50,202.34,30.89,27.98,28.01
1:01:00,202.35,30.9,27.98,28.02
1:01:10,202.36,30.9,27.99,28.02
1:01:20,202.36,30.9,27.99,28.02
1:01:30,202.35,30.9,27.99,28.02
1:01:40,202.36,30.91,28,28.03
1:01:50,202.36,30.91,28.01,28.04
1:02:00,202.36,30.91,28.01,28.05
1:02:10,202.37,30.92,28.02,28.06
1:02:20,202.38,30.93,28.03,28.06
1:02:30,202.37,30.93,28.03,28.07
1:02:40,202.38,30.94,28.03,28.07
1:02:50,202.38,30.95,28.04,28.07
1:03:00,202.39,30.96,28.05,28.08
1:03:10,202.38,30.95,28.04,28.07
1:03:20,202.38,30.95,28.04,28.07
1:03:30,202.38,30.95,28.04,28.07
1:03:40,202.38,30.95,28.05,28.08
1:03:50,202.38,30.96,28.05,28.09
1:04:00,202.39,30.97,28.06,28.1
1:04:10,202.4,30.97,28.07,28.1
1:04:20,202.4,30.97,28.08,28.1
1:04:30,202.4,30.97,28.08,28.1
1:04:40,202.4,30.97,28.08,28.1
1:04:50,202.4,30.98,28.09,28.11
1:05:00,202.4,30.98,28.09,28.11
1:05:10,202.4,30.98,28.1,28.11
1:05:20,202.4,30.98,28.1,28.11
1:05:30,202.4,30.99,28.11,28.12
1:05:40,202.4,30.99,28.11,28.12
1:05:50,202.4,30.99,28.11,28.12
1:06:00,202.4,30.99,28.12,28.13
1:06:10,202.41,31,28.12,28.13
1:06:20,202.41,31,28.13,28.13
1:06:30,202.41,31,28.13,28.14
1:06:40,202.41,31,28.12,28.14
1:06:50,202.42,31.02,28.13,28.15
1:07:00,202.42,31.02,28.14,28.16
1:07:10,202.42,31.03,28.14,28.16
1:07:20,202.43,31.03,28.14,28.17
1:07:30,202.43,31.04,28.14,28.17
1:07:40,202.43,31.04,28.14,28.17
1:07:50,202.42,31.04,28.14,28.17
1:08:00,202.42,31.03,28.14,28.16
1:08:10,202.42,31.04,28.15,28.17
1:08:20,202.43,31.05,28.15,28.18
1:08:30,202.43,31.05,28.17,28.18
1:08:40,202.43,31.06,28.17,28.18
1:08:50,202.44,31.06,28.18,28.18
1:09:00,202.44,31.06,28.19,28.19
1:09:10,202.44,31.06,28.19,28.19
1:09:20,202.43,31.06,28.19,28.18
1:09:30,202.43,31.06,28.19,28.19
1:09:40,202.44,31.07,28.2,28.2
1:09:50,202.44,31.07,28.2,28.2
1:10:00,202.46,31.08,28.2,28.21
1:10:10,202.8,31.08,28.21,28.21
1:10:20,203.69,31.08,28.2,28.21
1:10:30,204.88,31.09,28.2,28.21
1:10:40,206.18,31.12,28.2,28.22
1:10:50,207.49,31.15,28.2,28.23
1:11:00,208.77,31.17,28.2,28.23
1:11:10,210.02,31.19,28.19,28.23
1:11:20,211.25,31.23,28.2,28.24
1:11:30,212.44,31.26,28.2,28.24
1:11:40,213.6,31.3,28.21,28.25
1:11:50,214.73,31.34,28.22,28.26
1:12:00,215.82,31.37,28.22,28.27
1:12:10,216.88,31.4,28.21,28.27
1:12:20,217.92,31.43,28.21,28.28
1:12:30,218.92,31.47,28.22,28.28
1:12:40,219.89,31.5,28.22,28.29
1:12:50,220.84,31.53,28.22,28.29
1:13:00,221.75,31.56,28.23,28.29
1:13:10,222.64,31.59,28.22,28.3
1:13:20,223.5,31.62,28.23,28.31
1:13:30,224.34,31.65,28.24,28.32
1:13:40,225.15,31.69,28.24,28.33
1:13:50,225.94,31.72,28.24,28.34
1:14:00,226.71,31.75,28.25,28.35
1:14:10,227.46,31.78,28.26,28.35
1:14:20,228.18,31.82,28.27,28.36
1:14:30,228.88,31.84,28.27,28.37
1:14:40,229.56,31.87,28.28,28.38
1:14:50,230.22,31.9,28.28,28.38
1:15:00,230.87,31.94,28.3,28.4
1:15:10,231.49,31.96,28.3,28.4
1:15:20,232.08,31.98,28.3,28.4
1:15:30,232.67,32.01,28.31,28.42
1:15:40,233.23,32.03,28.31,28.42
1:15:50,233.78,32.06,28.32,28.43
1:16:00,234.31,32.08,28.33,28.44
1:16:10,234.84,32.11,28.34,28.45
1:16:20,235.34,32.13,28.34,28.45
1:16:30,235.82,32.16,28.35,28.46
1:16:40,236.29,32.18,28.36,28.47
1:16:50,236.74,32.2,28.37,28.47
1:17:00,237.18,32.22,28.37,28.48
1:17:10,237.61,32.24,28.37,28.49
1:17:20,238.02,32.26,28.38,28.49
1:17:30,238.42,32.28,28.39,28.5
1:17:40,238.82,32.31,28.4,28.52
1:17:50,239.2,32.32,28.41,28.52
1:18:00,239.56,32.35,28.42,28.53
1:18:10,239.92,32.37,28.43,28.54
1:18:20,240.27,32.4,28.44,28.55
1:18:30,240.59,32.41,28.44,28.55
1:18:40,240.91,32.42,28.44,28.55
1:18:50,241.23,32.44,28.46,28.57
1:19:00,241.52,32.46,28.46,28.57
1:19:10,241.82,32.48,28.46,28.58
1:19:20,242.11,32.5,28.48,28.59
1:19:30,242.38,32.52,28.48,28.6
1:19:40,242.64,32.53,28.49,28.61
1:19:50,242.9,32.55,28.5,28.62
1:20:00,243.15,32.57,28.51,28.63
1:20:10,243.39,32.59,28.52,28.64
1:20:20,243.62,32.6,28.52,28.65
1:20:30,243.85,32.61,28.53,28.65
1:20:40,244.07,32.64,28.54,28.66
1:20:50,244.29,32.65,28.55,28.67
1:21:00,244.5,32.67,28.56,28.68
1:21:10,244.69,32.68,28.57,28.68
1:21:20,244.88,32.7,28.57,28.69
1:21:30,245.08,32.72,28.59,28.71
1:21:40,245.25,32.73,28.59,28.71
1:21:50,245.42,32.74,28.59,28.71
1:22:00,245.6,32.76,28.6,28.73
1:22:10,245.77,32.78,28.61,28.74
1:22:20,245.92,32.78,28.61,28.74
1:22:30,246.07,32.8,28.62,28.76
1:22:40,246.22,32.81,28.63,28.76
1:22:50,246.36,32.82,28.63,28.76
1:23:00,246.5,32.84,28.65,28.78
1:23:10,246.64,32.85,28.66,28.78
1:23:20,246.76,32.86,28.66,28.78
1:23:30,246.89,32.87,28.66,28.79
1:23:40,247.01,32.88,28.67,28.8
1:23:50,247.14,32.9,28.68,28.82
1:24:00,247.24,32.91,28.68,28.82
1:24:10,247.36,32.92,28.69,28.83
1:24:20,247.47,32.93,28.69,28.84
1:24:30,247.58,32.95,28.71,28.85
1:24:40,247.67,32.96,28.71,28.86
1:24:50,247.78,32.97,28.72,28.87
1:25:00,247.87,32.98,28.73,28.87
1:25:10,247.97,33,28.74,28.89
1:25:20,248.05,33.01,28.75,28.89
1:25:30,248.13,33.01,28.75,28.89
1:25:40,248.22,33.02,28.76,28.9
1:25:50,248.29,33.03,28.76,28.91
1:26:00,248.37,33.04,28.76,28.91
1:26:10,248.44,33.05,28.77,28.91
1:26:20,248.51,33.06,28.78,28.92
1:26:30,248.58,33.06,28.78,28.93
1:26:40,248.65,33.07,28.79,28.94
1:26:50,248.72,33.08,28.79,28.94
1:27:00,248.79,33.1,28.81,28.96
1:27:10,248.84,33.1,28.81,28.96
1:27:20,248.9,33.11,28.81,28.96
1:27:30,248.97,33.12,28.82,28.97
1:27:40,249.03,33.14,28.83,28.98
1:27:50,249.08,33.15,28.84,28.99
1:28:00,249.13,33.15,28.84,28.98
1:28:10,249.18,33.16,28.85,29
1:28:20,249.23,33.17,28.86,29.01
1:28:30,249.29,33.19,28.87,29.02
1:28:40,249.34,33.2,28.88,29.03
1:28:50,249.37,33.2,28.88,29.03
1:29:00,249.41,33.2,28.88,29.03
1:29:10,249.45,33.21,28.89,29.04
1:29:20,249.5,33.22,28.9,29.05
1:29:30,249.54,33.23,28.9,29.06
1:29:40,249.58,33.24,28.92,29.07
1:29:50,249.62,33.25,28.92,29.07
1:30:00,249.65,33.26,28.93,29.08
1:30:10,249.68,33.26,28.93,29.08
1:30:20,249.72,33.27,28.94,29.09
1:30:30,249.75,33.27,28.94,29.09
1:30:40,249.78,33.28,28.95,29.1
1:30:50,249.81,33.29,28.96,29.11
1:31:00,249.85,33.3,28.97,29.12
1:31:10,249.87,33.31,28.98,29.12
1:31:20,249.9,33.31,28.98,29.12
1:31:30,249.92,33.31,28.98,29.12
1:31:40,249.94,33.32,28.99,29.13
1:31:50,249.97,33.33,29,29.14
1:32:00,249.99,33.33,28.99,29.14
1:32:10,250.01,33.34,29,29.15
1:32:20,250.04,33.35,29,29.16
1:32:30,250.06,33.35,29.01,29.16
1:32:40,250.08,33.36,29.01,29.17
1:32:50,250.11,33.37,29.01,29.18
1:33:00,250.13,33.38,29.02,29.18
1:33:10,250.14,33.38,29.02,29.19
1:33:20,250.17,33.39,29.04,29.2
1:33:30,250.19,33.4,29.05,29.2
1:33:40,250.2,33.4,29.04,29.2
1:33:50,250.22,33.41,29.05,29.2
1:34:00,250.24,33.42,29.06,29.22
1:34:10,250.25,33.42,29.06,29.22
1:34:20,250.27,33.43,29.06,29.22
1:34:30,250.28,33.43,29.07,29.23
1:34:40,250.3,33.44,29.08,29.23
1:34:50,250.31,33.44,29.08,29.24
1:35:00,250.32,33.45,29.08,29.24
1:35:10,250.35,33.46,29.1,29.25
1:35:20,250.36,33.46,29.1,29.26
1:35:30,250.36,33.46,29.1,29.25
1:35:40,250.37,33.47,29.1,29.26
1:35:50,250.39,33.48,29.11,29.27
1:36:00,250.4,33.48,29.11,29.27
1:36:10,250.41,33.48,29.12,29.28
1:36:20,250.42,33.49,29.12,29.29
1:36:30,250.43,33.49,29.12,29.29
1:36:40,250.44,33.5,29.13,29.3
1:36:50,250.45,33.5,29.13,29.3
1:37:00,250.45,33.51,29.13,29.31
1:37:10,250.46,33.51,29.13,29.31
1:37:20,250.46,33.51,29.13,29.31
1:37:30,250.47,33.52,29.13,29.32
1:37:40,250.48,33.53,29.14,29.32
1:37:50,250.5,33.53,29.15,29.33
1:38:00,250.51,33.54,29.16,29.34
1:38:10,250.5,33.53,29.16,29.33
1:38:20,250.51,33.54,29.16,29.34
1:38:30,250.52,33.55,29.17,29.34
1:38:40,250.53,33.55,29.17,29.35
1:38:50,250.53,33.55,29.18,29.35
1:39:00,250.54,33.56,29.18,29.36
1:39:10,250.56,33.57,29.19,29.36
1:39:20,250.56,33.57,29.19,29.37
1:39:30,250.56,33.58,29.19,29.37
1:39:40,250.58,33.59,29.2,29.38
1:39:50,250.58,33.59,29.21,29.38
1:40:00,250.58,33.59,29.21,29.39
1:40:10,250.59,33.6,29.21,29.39
1:40:20,250.58,33.59,29.21,29.38
1:40:30,250.59,33.59,29.21,29.38
1:40:40,250.59,33.59,29.21,29.39
1:40:50,250.6,33.6,29.22,29.39
1:41:00,250.6,33.61,29.22,29.4
1:41:10,250.61,33.61,29.23,29.4
1:41:20,250.61,33.61,29.23,29.4
1:41:30,250.61,33.62,29.23,29.41
1:41:40,250.62,33.62,29.23,29.41
1:41:50,250.62,33.63,29.24,29.41
1:42:00,250.63,33.63,29.24,29.42
1:42:10,250.64,33.64,29.25,29.43
1:42:20,250.65,33.65,29.26,29.43
1:42:30,250.65,33.65,29.27,29.44
1:42:40,250.65,33.65,29.27,29.43
1:42:50,250.65,33.66,29.27,29.44
1:43:00,250.66,33.66,29.27,29.44
1:43:10,250.66,33.66,29.27,29.44
1:43:20,250.67,33.67,29.28,29.45
1:43:30,250.66,33.67,29.28,29.46
1:43:40,250.66,33.67,29.28,29.46
1:43:50,250.67,33.68,29.29,29.47
1:44:00,250.67,33.68,29.29,29.48
1:44:10,250.67,33.68,29.29,29.47
1:44:20,250.68,33.69,29.29,29.47
1:44:30,250.68,33.69,29.3,29.47
1:44:40,250.68,33.7,29.3,29.48
1:44:50,250.68,33.7,29.31,29.48
1:45:00,250.69,33.7,29.31,29.49
1:45:10,250.69,33.71,29.31,29.49
1:45:20,250.69,33.71,29.32,29.49
1:45:30,250.69,33.71,29.32,29.49
1:45:40,250.69,33.71,29.32,29.5
1:45:50,250.69,33.72,29.32,29.5
1:46:00,250.69,33.72,29.32,29.5
1:46:10,250.7,33.73,29.33,29.52
1:46:20,250.71,33.73,29.34,29.52
1:46:30,250.72,33.74,29.35,29.53
1:46:40,250.71,33.74,29.34,29.52
1:46:50,250.71,33.74,29.35,29.53
1:47:00,250.72,33.75,29.36,29.54
1:47:10,250.71,33.75,29.36,29.54
1:47:20,250.72,33.76,29.36,29.54
1:47:30,250.72,33.76,29.37,29.55
1:47:40,250.72,33.76,29.36,29.55
1:47:50,250.73,33.78,29.38,29.56
1:48:00,250.73,33.78,29.38,29.57
1:48:10,250.74,33.79,29.39,29.58
1:48:20,250.74,33.79,29.39,29.57
1:48:30,250.73,33.79,29.38,29.57
1:48:40,250.74,33.8,29.39,29.58
1:48:50,250.74,33.8,29.4,29.58
1:49:00,250.74,33.8,29.41,29.58
1:49:10,250.75,33.81,29.41,29.59
1:49:20,250.75,33.81,29.41,29.59
1:49:30,250.75,33.81,29.41,29.59
1:49:40,250.75,33.82,29.41,29.6
1:49:50,250.75,33.82,29.41,29.6
1:50:00,250.76,33.83,29.41,29.61
1:50:10,250.76,33.84,29.42,29.61
1:50:20,250.76,33.84,29.42,29.62
1:50:30,250.76,33.85,29.42,29.62
1:50:40,250.76,33.85,29.42,29.63
1:50:50,250.77,33.85,29.43,29.63
1:51:00,250.76,33.85,29.42,29.62
1:51:10,250.76,33.86,29.42,29.63
1:51:20,250.76,33.85,29.43,29.63
1:51:30,250.76,33.86,29.42,29.63
1:51:40,250.75,33.85,29.42,29.63
1:51:50,250.76,33.86,29.43,29.64
1:52:00,250.76,33.87,29.44,29.65
1:52:10,250.77,33.87,29.45,29.65
1:52:20,250.78,33.88,29.46,29.65
1:52:30,250.77,33.88,29.46,29.65
1:52:40,250.77,33.88,29.47,29.65
1:52:50,250.78,33.89,29.48,29.66
1:53:00,250.78,33.89,29.49,29.67
1:53:10,250.78,33.89,29.49,29.67
1:53:20,250.78,33.9,29.5,29.67
1:53:30,250.78,33.9,29.5,29.68
1:53:40,250.78,33.89,29.5,29.67
1:53:50,250.78,33.9,29.5,29.68
1:54:00,250.78,33.9,29.5,29.68
1:54:10,250.78,33.9,29.51,29.69
1:54:20,250.78,33.9,29.52,29.69
1:54:30,250.78,33.91,29.52,29.7
1:54:40,250.78,33.91,29.53,29.7
1:54:50,250.77,33.9,29.53,29.69
1:55:00,250.78,33.91,29.54,29.7
1:55:10,250.78,33.92,29.54,29.7
1:55:20,250.79,33.92,29.55,29.71
1:55:30,250.78,33.92,29.55,29.71
1:55:40,250.78,33.93,29.55,29.71
1:55:50,250.78,33.93,29.56,29.72
1:56:00,250.79,33.94,29.57,29.73
1:56:10,250.78,33.94,29.57,29.73
1:56:20,250.78,33.93,29.57,29.72
1:56:30,250.78,33.94,29.58,29.72
1:56:40,250.78,33.94,29.58,29.73
1:56:50,250.78,33.94,29.59,29.73
1:57:00,250.79,33.95,29.6,29.74
1:57:10,250.78,33.95,29.59,29.74
1:57:20,250.78,33.95,29.59,29.74
1:57:30,250.79,33.96,29.6,29.75
1:57:40,250.8,33.96,29.61,29.76
1:57:50,250.8,33.96,29.61,29.76
1:58:00,250.8,33.97,29.62,29.77
1:58:10,250.79,33.97,29.61,29.76
1:58:20,250.8,33.97,29.62,29.77
1:58:30,250.8,33.98,29.61,29.78
1:58:40,250.8,33.99,29.61,29.79
1:58:50,250.8,33.99,29.62,29.79
1:59:00,250.81,34,29.63,29.79
1:59:10,250.8,33.99,29.61,29.79
1:59:20,250.81,34,29.61,29.8
1:59:30,250.84,34,29.62,29.8
1:59:40,251.39,34.01,29.62,29.81
1:59:50,252.57,34.03,29.62,29.81
2:00:00,254.01,34.05,29.62,29.81
2:00:10,255.51,34.09,29.62,29.82
2:00:20,257,34.13,29.63,29.83
2:00:30,258.45,34.17,29.63,29.83
2:00:40,259.86,34.22,29.64,29.84
2:00:50,261.2,34.27,29.64,29.84
2:01:00,262.5,34.32,29.65,29.85
2:01:10,263.75,34.36,29.66,29.86
2:01:20,264.96,34.41,29.66,29.86
2:01:30,266.12,34.45,29.66,29.86
2:01:40,267.24,34.5,29.67,29.88
2:01:50,268.32,34.55,29.68,29.88
2:02:00,269.35,34.58,29.68,29.88
2:02:10,270.35,34.64,29.69,29.9
2:02:20,271.31,34.68,29.69,29.9
2:02:30,272.23,34.72,29.69,29.9
2:02:40,273.13,34.76,29.71,29.91
2:02:50,273.98,34.81,29.72,29.92
2:03:00,274.8,34.85,29.72,29.93
2:03:10,275.6,34.88,29.72,29.94
2:03:20,276.35,34.92,29.72,29.94
2:03:30,277.09,34.95,29.73,29.96
2:03:40,277.8,34.99,29.74,29.97
2:03:50,278.48,35.04,29.76,29.99
2:04:00,279.13,35.07,29.77,30
2:04:10,279.76,35.1,29.78,30
2:04:20,280.35,35.13,29.78,30
2:04:30,280.93,35.16,29.79,30
2:04:40,281.49,35.2,29.8,30.01
2:04:50,282.02,35.23,29.81,30.03
2:05:00,282.53,35.26,29.83,30.04
2:05:10,283.03,35.29,29.84,30.06
2:05:20,283.5,35.32,29.84,30.07
2:05:30,283.95,35.35,29.85,30.08
2:05:40,284.4,35.39,29.87,30.11
2:05:50,284.82,35.42,29.88,30.11
2:06:00,285.22,35.44,29.9,30.12
2:06:10,285.61,35.47,29.91,30.12
2:06:20,285.97,35.5,29.92,30.13
2:06:30,286.33,35.52,29.93,30.14
2:06:40,286.68,35.55,29.94,30.15
2:06:50,287,35.58,29.95,30.17
2:07:00,287.32,35.6,29.96,30.18
2:07:10,287.63,35.63,29.97,30.2
2:07:20,287.93,35.66,29.98,30.21
2:07:30,288.2,35.68,29.99,30.23
2:07:40,288.48,35.71,30.01,30.24
2:07:50,288.72,35.72,30.01,30.24
2:08:00,288.98,35.75,30.03,30.26
2:08:10,289.22,35.78,30.04,30.27
2:08:20,289.45,35.8,30.05,30.29
2:08:30,289.66,35.81,30.06,30.29
2:08:40,289.87,35.83,30.06,30.3
2:08:50,290.07,35.85,30.07,30.31
2:09:00,290.27,35.88,30.09,30.32
2:09:10,290.46,35.9,30.12,30.35
2:09:20,290.63,35.92,30.12,30.35
2:09:30,290.8,35.93,30.13,30.35
2:09:40,290.96,35.94,30.13,30.35
2:09:50,291.12,35.96,30.14,30.37
2:10:00,291.27,35.98,30.15,30.38
2:10:10,291.41,36,30.16,30.4
2:10:20,291.55,36.02,30.17,30.41
2:10:30,291.69,36.03,30.19,30.43
2:10:40,291.82,36.05,30.2,30.44
2:10:50,291.94,36.07,30.2,30.45
2:11:00,292.06,36.08,30.21,30.45
2:11:10,292.17,36.1,30.24,30.47
2:11:20,292.28,36.12,30.24,30.48
2:11:30,292.39,36.14,30.26,30.49
2:11:40,292.49,36.15,30.27,30.49
2:11:50,292.59,36.17,30.28,30.51
2:12:00,292.67,36.18,30.28,30.52
2:12:10,292.76,36.19,30.29,30.53
2:12:20,292.85,36.21,30.3,30.53
2:12:30,292.93,36.22,30.31,30.55
2:12:40,293.01,36.24,30.31,30.57
2:12:50,293.08,36.25,30.32,30.58
2:13:00,293.15,36.26,30.33,30.59
2:13:10,293.22,36.28,30.35,30.6
2:13:20,293.29,36.29,30.36,30.61
2:13:30,293.35,36.3,30.36,30.61
2:13:40,293.41,36.31,30.37,30.63
2:13:50,293.47,36.32,30.38,30.64
2:14:00,293.53,36.34,30.39,30.65
2:14:10,293.58,36.35,30.4,30.65
2:14:20,293.63,36.35,30.4,30.65
2:14:30,293.68,36.37,30.42,30.66
2:14:40,293.72,36.38,30.42,30.67
2:14:50,293.77,36.39,30.44,30.69
2:15:00,293.82,36.41,30.45,30.7
2:15:10,293.86,36.42,30.46,30.71
2:15:20,293.9,36.43,30.47,30.72
2:15:30,293.94,36.45,30.48,30.73
2:15:40,293.98,36.46,30.49,30.74
2:15:50,294.01,36.46,30.5,30.75
2:16:00,294.04,36.47,30.5,30.75
2:16:10,294.08,36.49,30.52,30.76
2:16:20,294.11,36.49,30.52,30.76
2:16:30,294.14,36.5,30.53,30.77
2:16:40,294.17,36.51,30.53,30.78
2:16:50,294.19,36.52,30.54,30.79
2:17:00,294.22,36.53,30.55,30.8
2:17:10,294.25,36.54,30.56,30.81
2:17:20,294.27,36.55,30.57,30.82
2:17:30,294.29,36.56,30.57,30.82
2:17:40,294.32,36.57,30.58,30.85
2:17:50,294.34,36.58,30.59,30.86
2:18:00,294.36,36.59,30.61,30.87
2:18:10,294.38,36.6,30.61,30.87
2:18:20,294.41,36.62,30.62,30.88
2:18:30,294.42,36.62,30.62,30.89
2:18:40,294.44,36.63,30.62,30.88
2:18:50,294.46,36.64,30.64,30.9
2:19:00,294.47,36.65,30.64,30.9
2:19:10,294.48,36.65,30.64,30.9
2:19:20,294.5,36.66,30.64,30.91
2:19:30,294.52,36.68,30.65,30.92
2:19:40,294.53,36.68,30.65,30.93
2:19:50,294.55,36.69,30.67,30.95
2:20:00,294.57,36.7,30.68,30.96
2:20:10,294.57,36.71,30.69,30.97
2:20:20,294.59,36.72,30.7,30.97
2:20:30,294.6,36.73,30.71,30.98
2:20:40,294.62,36.74,30.72,31
2:20:50,294.62,36.74,30.73,31
2:21:00,294.63,36.75,30.74,31
2:21:10,294.63,36.75,30.74,31
2:21:20,294.65,36.76,30.75,31
2:21:30,294.66,36.77,30.76,31.01
2:21:40,294.66,36.78,30.77,31.03
2:21:50,294.67,36.79,30.78,31.04
2:22:00,294.69,36.8,30.79,31.03
2:22:10,294.69,36.8,30.79,31.04
2:22:20,294.7,36.81,30.8,31.05
2:22:30,294.71,36.82,30.8,31.07
2:22:40,294.72,36.83,30.82,31.08
2:22:50,294.73,36.84,30.82,31.09
2:23:00,294.73,36.84,30.83,31.09
2:23:10,294.74,36.85,30.83,31.1
2:23:20,294.74,36.86,30.84,31.11
2:23:30,294.75,36.87,30.85,31.11
2:23:40,294.75,36.87,30.86,31.11
2:23:50,294.76,36.87,30.86,31.11
2:24:00,294.77,36.89,30.87,31.13
2:24:10,294.77,36.9,30.88,31.14
2:24:20,294.78,36.9,30.89,31.14
2:24:30,294.79,36.91,30.9,31.15
2:24:40,294.78,36.91,30.9,31.15
2:24:50,294.78,36.92,30.89,31.15
2:25:00,294.79,36.93,30.9,31.17
2:25:10,294.81,36.94,30.92,31.19
2:25:20,294.81,36.95,30.91,31.18
2:25:30,294.81,36.95,30.91,31.19
2:25:40,294.82,36.96,30.92,31.2
2:25:50,294.82,36.97,30.92,31.2
2:26:00,294.83,36.98,30.93,31.2
2:26:10,294.83,36.98,30.94,31.21
2:26:20,294.84,37,30.96,31.23
2:26:30,294.85,37.01,30.97,31.24
2:26:40,294.84,37.01,30.97,31.25
2:26:50,294.85,37.02,30.98,31.25
2:27:00,294.85,37.02,30.97,31.24
2:27:10,294.85,37.02,30.98,31.25
2:27:20,294.86,37.03,30.99,31.27
2:27:30,294.86,37.04,31,31.27
2:27:40,294.86,37.05,31.01,31.27
2:27:50,294.87,37.05,31.01,31.28
2:28:00,294.87,37.06,31.02,31.29
2:28:10,294.87,37.06,31.02,31.29
2:28:20,294.87,37.07,31.03,31.3
2:28:30,294.88,37.08,31.04,31.31
2:28:40,294.88,37.08,31.04,31.32
2:28:50,294.89,37.1,31.05,31.33
2:29:00,294.89,37.09,31.05,31.33
2:29:10,294.89,37.1,31.05,31.34
2:29:20,294.89,37.1,31.04,31.34
2:29:30,294.89,37.11,31.05,31.34
2:29:40,294.89,37.11,31.06,31.34
2:29:50,294.89,37.11,31.06,31.35
2:30:00,294.89,37.12,31.07,31.35
2:30:10,294.89,37.13,31.08,31.35
2:30:20,294.89,37.13,31.08,31.35
2:30:30,294.9,37.14,31.09,31.37
2:30:40,294.9,37.15,31.09,31.37
2:30:50,294.89,37.14,31.09,31.36
2:31:00,294.9,37.15,31.1,31.38
2:31:10,294.9,37.16,31.11,31.39
2:31:20,294.9,37.16,31.11,31.39
2:31:30,294.9,37.17,31.11,31.39
2:31:40,294.9,37.18,31.12,31.41
2:31:50,294.91,37.18,31.14,31.41
2:32:00,294.92,37.19,31.15,31.42
2:32:10,294.91,37.19,31.14,31.42
2:32:20,294.91,37.19,31.14,31.42
2:32:30,294.91,37.2,31.15,31.43
2:32:40,294.91,37.2,31.15,31.43
2:32:50,294.91,37.21,31.15,31.44
2:33:00,294.92,37.22,31.16,31.44
2:33:10,294.92,37.22,31.16,31.45
2:33:20,294.93,37.23,31.17,31.46
2:33:30,294.92,37.24,31.16,31.46
2:33:40,294.93,37.24,31.17,31.47
2:33:50,294.93,37.24,31.17,31.47
2:34:00,294.93,37.25,31.18,31.47
2:34:10,294.93,37.25,31.19,31.47
2:34:20,294.93,37.26,31.2,31.49
2:34:30,294.94,37.27,31.2,31.49
2:34:40,294.93,37.26,31.2,31.49
2:34:50,294.93,37.27,31.21,31.5
2:35:00,294.93,37.27,31.22,31.5
2:35:10,294.94,37.28,31.23,31.51
2:35:20,294.94,37.28,31.23,31.51
2:35:30,294.94,37.29,31.23,31.51
2:35:40,294.94,37.3,31.24,31.52
2:35:50,294.94,37.31,31.25,31.53
2:36:00,294.94,37.31,31.25,31.54
2:36:10,294.94,37.31,31.24,31.53
2:36:20,294.94,37.32,31.25,31.54
2:36:30,294.94,37.32,31.25,31.54
2:36:40,294.95,37.32,31.26,31.54
2:36:50,294.95,37.33,31.27,31.55
2:37:00,294.95,37.33,31.27,31.55
2:37:10,294.95,37.34,31.28,31.57
2:37:20,294.94,37.34,31.26,31.55
2:37:30,294.94,37.34,31.27,31.55
2:37:40,294.94,37.34,31.27,31.55
2:37:50,294.94,37.35,31.28,31.56
2:38:00,294.94,37.35,31.28,31.56
2:38:10,294.95,37.36,31.28,31.57
2:38:20,294.95,37.36,31.29,31.58
2:38:30,294.95,37.37,31.3,31.6
2:38:40,294.95,37.37,31.29,31.6
2:38:50,294.95,37.37,31.3,31.6
2:39:00,294.95,37.37,31.3,31.6
2:39:10,294.96,37.38,31.3,31.62
2:39:20,294.97,37.39,31.31,31.63
2:39:30,294.98,37.41,31.32,31.64
2:39:40,294.98,37.41,31.33,31.64
2:39:50,294.98,37.42,31.33,31.64
2:40:00,294.97,37.41,31.33,31.63
2:40:10,294.97,37.41,31.32,31.64
2:40:20,294.97,37.42,31.32,31.64
2:40:30,294.97,37.43,31.32,31.65
2:40:40,294.97,37.42,31.32,31.64
2:40:50,294.97,37.43,31.33,31.65
2:41:00,294.98,37.45,31.34,31.67
2:41:10,294.98,37.45,31.35,31.67
2:41:20,294.98,37.45,31.35,31.66
2:41:30,294.97,37.45,31.35,31.66
2:41:40,294.97,37.45,31.35,31.66
2:41:50,294.97,37.45,31.36,31.66
2:42:00,294.97,37.46,31.37,31.68
2:42:10,294.97,37.46,31.37,31.68
2:42:20,294.97,37.46,31.37,31.69
2:42:30,294.97,37.47,31.38,31.7
2:42:40,294.97,37.47,31.39,31.7
2:42:50,294.98,37.48,31.39,31.7
2:43:00,294.98,37.48,31.39,31.71
2:43:10,294.98,37.49,31.39,31.71
2:43:20,294.98,37.49,31.39,31.71
2:43:30,294.98,37.49,31.4,31.72
2:43:40,294.98,37.49,31.4,31.72
2:43:50,294.98,37.5,31.4,31.72
2:44:00,294.99,37.51,31.42,31.73
2:44:10,294.98,37.51,31.42,31.73
2:44:20,294.98,37.51,31.43,31.74
2:44:30,294.99,37.52,31.43,31.74
2:44:40,294.99,37.52,31.43,31.75
2:44:50,294.98,37.51,31.42,31.74
2:45:00,294.98,37.52,31.43,31.74
2:45:10,294.98,37.53,31.44,31.75
2:45:20,294.98,37.53,31.44,31.75
2:45:30,294.98,37.53,31.45,31.75
2:45:40,294.99,37.54,31.45,31.76
2:45:50,294.99,37.54,31.45,31.76
2:46:00,295,37.55,31.46,31.78
2:46:10,295,37.56,31.46,31.78
2:46:20,294.99,37.55,31.46,31.77
2:46:30,294.99,37.55,31.46,31.77
2:46:40,294.99,37.55,31.47,31.77
2:46:50,294.99,37.56,31.47,31.78
2:47:00,294.99,37.56,31.48,31.79
2:47:10,294.99,37.56,31.48,31.79
2:47:20,294.99,37.57,31.48,31.79
2:47:30,295,37.58,31.48,31.79
2:47:40,294.99,37.57,31.47,31.8
2:47:50,295,37.58,31.47,31.8
2:48:00,294.99,37.58,31.47,31.8
2:48:10,294.99,37.58,31.46,31.8
2:48:20,295,37.59,31.47,31.81
2:48:30,294.99,37.59,31.47,31.81
2:48:40,295,37.6,31.48,31.82
2:48:50,294.99,37.59,31.48,31.81
2:49:00,295,37.6,31.49,31.82
2:49:10,295,37.6,31.5,31.82
2:49:20,295,37.6,31.51,31.83
2:49:30,295,37.61,31.51,31.83
2:49:40,295,37.61,31.52,31.83
2:49:50,295,37.61,31.53,31.82
2:50:00,295,37.61,31.53,31.82
2:50:10,295,37.61,31.53,31.82
2:50:20,295,37.62,31.54,31.83
2:50:30,295,37.62,31.55,31.84
2:50:40,295,37.63,31.56,31.85
2:50:50,295,37.64,31.56,31.86
2:51:00,295,37.64,31.56,31.86
2:51:10,295,37.64,31.57,31.86
2:51:20,295,37.64,31.56,31.86
2:51:30,295.01,37.65,31.58,31.88
2:51:40,295.01,37.65,31.58,31.88
2:51:50,295,37.65,31.58,31.88
2:52:00,295.01,37.65,31.58,31.88
2:52:10,295.01,37.67,31.58,31.89
2:52:20,295.01,37.67,31.58,31.89
2:52:30,295.02,37.68,31.58,31.9
2:52:40,295.01,37.68,31.58,31.9
2:52:50,295.01,37.67,31.57,31.9
2:53:00,295.01,37.68,31.58,31.9
2:53:10,295.01,37.68,31.57,31.89
2:53:20,295.01,37.68,31.56,31.89
2:53:30,295.01,37.69,31.57,31.89
2:53:40,295.01,37.68,31.56,31.89
2:53:50,295.01,37.69,31.58,31.91
2:54:00,295.01,37.69,31.58,31.9
2:54:10,295.02,37.7,31.59,31.92
2:54:20,295.02,37.7,31.59,31.92
2:54:30,295.02,37.7,31.6,31.92
2:54:40,295.02,37.7,31.6,31.91
2:54:50,295.02,37.7,31.59,31.9
2:55:00,295.02,37.7,31.59,31.91
2:55:10,295.02,37.7,31.6,31.93
2:55:20,295.01,37.7,31.6,31.93
2:55:30,295.02,37.7,31.61,31.93
2:55:40,295.02,37.71,31.61,31.93
2:55:50,295.27,37.71,31.61,31.92
2:56:00,296.44,37.73,31.61,31.94
2:56:10,298.07,37.77,31.61,31.95
2:56:20,299.79,37.81,31.6,31.94
2:56:30,301.49,37.85,31.59,31.94
2:56:40,303.12,37.9,31.58,31.95
2:56:50,304.68,37.96,31.58,31.95
2:57:00,306.19,38.03,31.6,31.97
2:57:10,307.63,38.09,31.59,31.97
2:57:20,308.98,38.14,31.58,31.98
2:57:30,310.29,38.21,31.59,31.99
2:57:40,311.52,38.27,31.59,31.99
2:57:50,312.73,38.34,31.6,32.01
2:58:00,313.87,38.39,31.6,32.01
2:58:10,314.95,38.45,31.6,32.01
2:58:20,315.99,38.5,31.61,32.02
2:58:30,316.99,38.56,31.61,32.03
2:58:40,317.94,38.62,31.62,32.03
2:58:50,318.86,38.67,31.64,32.04
2:59:00,319.72,38.72,31.65,32.05
2:59:10,320.54,38.77,31.67,32.06
2:59:20,321.34,38.82,31.69,32.07
2:59:30,322.07,38.87,31.7,32.08
2:59:40,322.78,38.91,31.71,32.1
2:59:50,323.45,38.95,31.72,32.1
3:00:00,324.08,38.99,31.73,32.12
3:00:10,324.69,39.03,31.73,32.13
3:00:20,325.27,39.07,31.74,32.14
3:00:30,325.83,39.11,31.74,32.15
3:00:40,326.35,39.15,31.75,32.16
3:00:50,326.86,39.2,31.77,32.18
3:01:00,327.33,39.23,31.77,32.19
3:01:10,327.78,39.26,31.79,32.21
3:01:20,328.21,39.31,31.81,32.24
3:01:30,328.61,39.34,31.82,32.25
3:01:40,329,39.37,31.84,32.26
3:01:50,329.36,39.4,31.85,32.26
3:02:00,329.72,39.44,31.86,32.28
3:02:10,330.04,39.46,31.87,32.29
3:02:20,330.36,39.5,31.88,32.31
3:02:30,330.67,39.53,31.9,32.33
3:02:40,330.95,39.56,31.9,32.33
3:02:50,331.23,39.59,31.91,32.35
3:03:00,331.49,39.61,31.92,32.36
3:03:10,331.73,39.63,31.92,32.35
3:03:20,331.96,39.66,31.94,32.36
3:03:30,332.19,39.69,31.95,32.38
3:03:40,332.4,39.71,31.96,32.39
3:03:50,332.59,39.72,31.95,32.4
3:04:00,332.79,39.75,31.97,32.41
3:04:10,332.97,39.77,31.98,32.42
3:04:20,333.14,39.79,31.98,32.43
3:04:30,333.31,39.81,31.99,32.45
3:04:40,333.46,39.83,32,32.45
3:04:50,333.6,39.84,32,32.46
3:05:00,333.75,39.87,32.02,32.48
3:05:10,333.89,39.89,32.03,32.5
3:05:20,334.02,39.91,32.04,32.52
3:05:30,334.13,39.92,32.04,32.53
3:05:40,334.24,39.94,32.05,32.53
3:05:50,334.35,39.95,32.06,32.54
3:06:00,334.46,39.97,32.07,32.55
3:06:10,334.56,39.99,32.09,32.57
3:06:20,334.66,40.02,32.1,32.59
3:06:30,334.74,40.02,32.11,32.6
3:06:40,334.82,40.03,32.11,32.6
3:06:50,334.91,40.06,32.13,32.62
3:07:00,334.99,40.07,32.14,32.63
3:07:10,335.06,40.09,32.15,32.65
3:07:20,335.12,40.09,32.15,32.65
3:07:30,335.18,40.1,32.16,32.66
3:07:40,335.25,40.13,32.18,32.69
3:07:50,335.31,40.14,32.19,32.7
3:08:00,335.36,40.16,32.21,32.7
3:08:10,335.41,40.17,32.21,32.71
3:08:20,335.46,40.18,32.22,32.72
3:08:30,335.51,40.19,32.23,32.72
3:08:40,335.55,40.21,32.24,32.74
3:08:50,335.6,40.22,32.26,32.75
3:09:00,335.65,40.24,32.27,32.76
3:09:10,335.69,40.25,32.28,32.78
3:09:20,335.72,40.26,32.29,32.78
3:09:30,335.76,40.27,32.3,32.79
3:09:40,335.79,40.28,32.31,32.79
3:09:50,335.82,40.29,32.32,32.8
3:10:00,335.84,40.3,32.33,32.82
3:10:10,335.87,40.31,32.34,32.83
3:10:20,335.9,40.32,32.35,32.84
3:10:30,335.93,40.34,32.36,32.85
3:10:40,335.95,40.35,32.37,32.86
3:10:50,335.98,40.36,32.38,32.87
3:11:00,336,40.37,32.39,32.88
3:11:10,336.02,40.38,32.41,32.89
3:11:20,336.04,40.39,32.41,32.89
3:11:30,336.06,40.4,32.42,32.9
3:11:40,336.08,40.41,32.43,32.91
3:11:50,336.09,40.42,32.44,32.92
3:12:00,336.11,40.43,32.45,32.93
3:12:10,336.12,40.43,32.46,32.93
3:12:20,336.13,40.44,32.47,32.94
3:12:30,336.16,40.46,32.48,32.96
3:12:40,336.16,40.46,32.49,32.97
3:12:50,336.18,40.48,32.5,32.97
3:13:00,336.19,40.49,32.5,32.98
3:13:10,336.19,40.49,32.51,32.98
3:13:20,336.22,40.51,32.52,33.01
3:13:30,336.22,40.52,32.53,33.01
3:13:40,336.23,40.53,32.54,33.02
3:13:50,336.24,40.54,32.55,33.03
3:14:00,336.25,40.55,32.56,33.03
3:14:10,336.26,40.56,32.57,33.04
3:14:20,336.27,40.56,32.58,33.04
3:14:30,336.27,40.56,32.58,33.05
3:14:40,336.28,40.58,32.59,33.06
3:14:50,336.28,40.58,32.59,33.07
3:15:00,336.29,40.59,32.61,33.08
3:15:10,336.3,40.6,32.61,33.08
3:15:20,336.3,40.61,32.62,33.1
3:15:30,336.31,40.62,32.63,33.11
3:15:40,336.32,40.63,32.63,33.12
3:15:50,336.32,40.63,32.63,33.12
3:16:00,336.32,40.63,32.63,33.12
3:16:10,336.32,40.64,32.64,33.14
3:16:20,336.33,40.65,32.65,33.15
3:16:30,336.33,40.66,32.65,33.16
3:16:40,336.34,40.68,32.66,33.17
3:16:50,336.35,40.69,32.67,33.18
3:17:00,336.34,40.69,32.66,33.17
3:17:10,336.35,40.7,32.68,33.19
3:17:20,336.35,40.71,32.68,33.19
3:17:30,336.35,40.71,32.68,33.19
3:17:40,336.36,40.72,32.69,33.21
3:17:50,336.35,40.72,32.69,33.21
3:18:00,336.36,40.73,32.7,33.22
3:18:10,336.36,40.75,32.71,33.23
3:18:20,336.36,40.75,32.7,33.22
3:18:30,336.37,40.76,32.71,33.24
3:18:40,336.37,40.76,32.72,33.24
3:18:50,336.37,40.77,32.72,33.24
3:19:00,336.38,40.78,32.73,33.26
3:19:10,336.37,40.78,32.72,33.26
3:19:20,336.37,40.79,32.74,33.27
3:19:30,336.38,40.8,32.75,33.28
3:19:40,336.38,40.8,32.74,33.28
3:19:50,336.38,40.81,32.75,33.29
3:20:00,336.39,40.82,32.76,33.3
3:20:10,336.39,40.82,32.77,33.31
3:20:20,336.38,40.82,32.76,33.31
3:20:30,336.39,40.84,32.77,33.32
3:20:40,336.39,40.84,32.78,33.33
3:20:50,336.39,40.85,32.79,33.33
3:21:00,336.39,40.85,32.79,33.34
3:21:10,336.39,40.86,32.79,33.35
3:21:20,336.39,40.87,32.8,33.36
3:21:30,336.39,40.88,32.8,33.37
3:21:40,336.39,40.89,32.81,33.38
3:21:50,336.39,40.89,32.82,33.39
3:22:00,336.4,40.91,32.84,33.4
3:22:10,336.4,40.92,32.87,33.42
3:22:20,336.41,40.93,32.88,33.42
3:22:30,336.4,40.93,32.89,33.42
3:22:40,336.4,40.94,32.89,33.42
3:22:50,336.41,40.95,32.91,33.42
3:23:00,336.41,40.96,32.91,33.43
3:23:10,336.41,40.96,32.92,33.44
3:23:20,336.41,40.97,32.92,33.45
3:23:30,336.41,40.98,32.93,33.45
3:23:40,336.41,40.98,32.95,33.47
3:23:50,336.41,40.99,32.97,33.47
3:24:00,336.41,40.99,32.97,33.48
3:24:10,336.41,41.01,32.99,33.49
3:24:20,336.41,41.01,32.99,33.5
3:24:30,336.41,41.02,32.99,33.51
3:24:40,336.41,41.02,32.98,33.5
3:24:50,336.42,41.03,32.99,33.52
3:25:00,336.42,41.04,33,33.52
3:25:10,336.42,41.05,33,33.53
3:25:20,336.42,41.05,33,33.53
3:25:30,336.42,41.05,33,33.53
3:25:40,336.41,41.05,33,33.52
3:25:50,336.42,41.06,33.01,33.53
3:26:00,336.42,41.07,33.02,33.53
3:26:10,336.42,41.07,33.02,33.53
3:26:20,336.41,41.07,33.02,33.52
3:26:30,336.42,41.08,33.03,33.55
3:26:40,336.42,41.08,33.05,33.57
3:26:50,336.41,41.08,33.05,33.56
3:27:00,336.41,41.09,33.06,33.57
3:27:10,336.41,41.1,33.07,33.56
3:27:20,336.42,41.11,33.08,33.58
3:27:30,336.42,41.12,33.08,33.58
3:27:40,336.43,41.13,33.09,33.58
3:27:50,336.43,41.13,33.08,33.59
3:28:00,336.43,41.13,33.08,33.59
3:28:10,336.42,41.12,33.07,33.59
3:28:20,336.42,41.13,33.08,33.6
3:28:30,336.43,41.14,33.09,33.62
3:28:40,336.42,41.14,33.09,33.61
3:28:50,336.42,41.14,33.09,33.61
3:29:00,336.42,41.14,33.09,33.61
3:29:10,336.42,41.14,33.1,33.62
3:29:20,336.42,41.15,33.11,33.62
3:29:30,336.42,41.15,33.11,33.64
3:29:40,336.43,41.17,33.13,33.66
3:29:50,336.42,41.16,33.14,33.66
3:30:00,336.42,41.18,33.15,33.67
3:30:10,336.42,41.19,33.16,33.68
3:30:20,336.43,41.2,33.18,33.68
3:30:30,336.42,41.2,33.18,33.69
3:30:40,336.42,41.21,33.18,33.69
3:30:50,336.42,41.22,33.19,33.7
3:31:00,336.42,41.23,33.19,33.7
3:31:10,336.41,41.22,33.18,33.69
3:31:20,336.41,41.23,33.18,33.69
3:31:30,336.41,41.23,33.18,33.69
3:31:40,336.42,41.24,33.19,33.7
3:31:50,336.42,41.24,33.19,33.7
3:32:00,336.42,41.24,33.19,33.7
3:32:10,336.42,41.24,33.18,33.7
3:32:20,336.42,41.25,33.19,33.71
3:32:30,336.42,41.25,33.19,33.72
3:32:40,336.43,41.26,33.21,33.73
3:32:50,336.43,41.26,33.22,33.72
3:33:00,336.43,41.26,33.22,33.73
3:33:10,336.43,41.27,33.23,33.74
3:33:20,336.43,41.27,33.24,33.75
3:33:30,336.42,41.26,33.24,33.74
3:33:40,336.42,41.26,33.26,33.74
3:33:50,336.42,41.27,33.28,33.76
3:34:00,336.42,41.28,33.29,33.76
3:34:10,336.43,41.3,33.31,33.78
3:34:20,336.42,41.3,33.3,33.79
3:34:30,336.42,41.3,33.3,33.78
3:34:40,336.43,41.31,33.3,33.78
3:34:50,336.42,41.31,33.29,33.78
3:35:00,336.42,41.31,33.29,33.78
3:35:10,336.42,41.32,33.29,33.78
3:35:20,336.42,41.32,33.29,33.78
3:35:30,336.42,41.32,33.3,33.79
3:35:40,336.42,41.33,33.31,33.81
3:35:50,336.42,41.33,33.31,33.81
3:36:00,336.42,41.34,33.32,33.81
3:36:10,336.42,41.34,33.31,33.82
3:36:20,336.42,41.34,33.32,33.81
3:36:30,336.42,41.34,33.31,33.8
3:36:40,336.41,41.34,33.32,33.79
3:36:50,336.42,41.35,33.33,33.8
3:37:00,336.42,41.34,33.34,33.8
3:37:10,336.41,41.34,33.35,33.8
3:37:20,336.41,41.35,33.36,33.81
3:37:30,336.41,41.35,33.37,33.82
3:37:40,336.4,41.34,33.37,33.82
3:37:50,336.41,41.36,33.38,33.85
3:38:00,336.42,41.36,33.39,33.86
3:38:10,336.41,41.37,33.4,33.85
3:38:20,336.4,41.36,33.4,33.86
3:38:30,336.45,41.38,33.42,33.87
3:38:40,337.13,41.39,33.42,33.86
3:38:50,338.66,41.42,33.41,33.86
3:39:00,340.52,41.47,33.4,33.87
3:39:10,342.4,41.53,33.39,33.88
3:39:20,344.22,41.61,33.38,33.9
3:39:30,345.94,41.68,33.38,33.91
3:39:40,347.09,41.73,33.38,33.92
3:39:50,,,,
3:40:00,,,,
3:40:10,,,,
3:40:20,,,,
3:40:30,,,,
3:40:40,,,,
3:40:50,,,,
3:41:00,,,,
3:41:10,,,,
3:41:20,,,,
3:41:30,,,,
3:41:40,,,,
3:41:50,,,,
3:42:00,,,,
3:42:10,,,,
3:42:20,,,,
3:42:30,,,,
3:42:40,,,,
3:42:50,,,,
3:43:00,,,,
3:43:10,,,,
3:43:20,,,,
3:43:30,,,,
3:43:40,,,,
3:43:50,,,,
3:44:00,,,,
3:44:10,,,,
3:44:20,,,,
3:44:30,,,,
3:44:40,,,,
3:44:50,,,,
3:45:00,,,,
3:45:10,,,,
3:45:20,,,,
3:45:30,,,,
3:45:40,,,,
3:45:50,,,,
3:46:00,,,,
3:46:10,,,,
3:46:20,,,,
3:46:30,,,,
3:46:40,,,,
3:46:50,,,,
3:47:00,,,,
3:47:10,,,,
3:47:20,,,,
3:47:30,,,,
3:47:40,,,,
3:47:50,,,,
3:48:00,,,,
3:48:10,,,,
3:48:20,,,,
3:48:30,,,,
3:48:40,,,,
3:48:50,,,,
3:49:00,,,,
3:49:10,,,,
3:49:20,,,,
3:49:30,,,,
3:49:40,,,,
3:49:50,,,,
3:50:00,,,,
3:50:10,,,,
3:50:20,,,,
3:50:30,,,,
3:50:40,,,,
3:50:50,,,,
3:51:00,,,,
3:51:10,,,,
3:51:20,,,,
3:51:30,,,,
3:51:40,,,,
3:51:50,,,,
3:52:00,,,,
3:52:10,,,,
3:52:20,,,,
3:52:30,,,,
3:52:40,,,,
3:52:50,,,,
3:53:00,,,,
3:53:10,,,,
3:53:20,,,,
3:53:30,,,,
3:53:40,,,,
3:53:50,,,,
3:54:00,,,,
3:54:10,,,,
3:54:20,,,,
3:54:30,,,,
3:54:40,,,,
3:54:50,,,,
3:55:00,,,,
3:55:10,,,,
3:55:20,,,,
3:55:30,,,,
3:55:40,,,,
3:55:50,,,,
3:56:00,,,,
3:56:10,,,,
3:56:20,,,,
3:56:30,,,,
3:56:40,,,,
3:56:50,,,,
3:57:00,,,,
3:57:10,,,,
3:57:20,,,,
3:57:30,,,,
3:57:40,,,,
3:57:50,,,,
3:58:00,,,,
3:58:10,,,,
3:58:20,,,,
3:58:30,,,,
3:58:40,,,,
3:58:50,,,,
3:59:00,,,,
3:59:10,,,,
3:59:20,,,,
3:59:30,,,,
3:59:40,,,,
3:59:50,,,,
4:00:00,,,,
4:00:10,,,,
4:00:20,,,,
4:00:30,,,,
4:00:40,,,,
4:00:50,,,,
4:01:00,,,,
4:01:10,,,,
4:01:20,,,,
4:01:30,,,,
4:01:40,,,,
4:01:50,,,,
4:02:00,,,,
4:02:10,,,,
4:02:20,,,,
4:02:30,,,,
4:02:40,,,,
4:02:50,,,,
4:03:00,,,,
4:03:10,,,,
4:03:20,,,,
4:03:30,,,,
4:03:40,,,,
4:03:50,,,,
4:04:00,,,,
4:04:10,,,,
4:04:20,,,,
4:04:30,,,,
4:04:40,,,,
4:04:50,,,,
4:05:00,,,,
4:05:10,,,,
4:05:20,,,,
4:05:30,,,,
4:05:40,,,,
4:05:50,,,,
4:06:00,,,,
4:06:10,,,,
4:06:20,,,,
4:06:30,,,,
4:06:40,,,,
4:06:50,,,,
4:07:00,,,,
4:07:10,,,,
4:07:20,,,,
4:07:30,,,,
4:07:40,,,,
4:07:50,,,,
4:08:00,,,,
4:08:10,,,,
4:08:20,,,,
4:08:30,,,,
4:08:40,,,,
4:08:50,,,,
4:09:00,,,,
4:09:10,,,,
4:09:20,373.7,45.5,35.56,36.24
4:09:30,373.7,45.5,35.57,36.25
4:09:40,373.7,45.51,35.58,36.24
4:09:50,373.69,45.51,35.56,36.24
4:10:00,373.69,45.51,35.55,36.25
4:10:10,373.69,45.52,35.53,36.26
4:10:20,373.69,45.52,35.52,36.27
4:10:30,373.68,45.52,35.51,36.26
4:10:40,373.67,45.52,35.5,36.27
4:10:50,373.67,45.52,35.5,36.25
4:11:00,373.67,45.53,35.51,36.26
4:11:10,373.67,45.53,35.51,36.27
4:11:20,373.66,45.53,35.5,36.28
4:11:30,373.66,45.54,35.5,36.29
4:11:40,373.65,45.54,35.49,36.3
4:11:50,373.65,45.55,35.49,36.31
4:12:00,373.65,45.56,35.5,36.32
4:12:10,373.65,45.57,35.5,36.33
4:12:20,373.65,45.57,35.5,36.32
4:12:30,373.64,45.56,35.49,36.31
4:12:40,373.64,45.57,35.49,36.32
4:12:50,373.63,45.57,35.5,36.31
4:13:00,373.63,45.57,35.5,36.32
4:13:10,373.64,45.58,35.51,36.34
4:13:20,373.62,45.57,35.5,36.33
4:13:30,373.63,45.58,35.5,36.34
4:13:40,373.63,45.59,35.52,36.35
4:13:50,373.63,45.6,35.52,36.35
4:14:00,373.63,45.6,35.53,36.35
4:14:10,373.63,45.6,35.53,36.36
4:14:20,373.63,45.61,35.54,36.37
4:14:30,373.63,45.61,35.54,36.37
4:14:40,373.62,45.6,35.53,36.35
4:14:50,373.62,45.6,35.53,36.37
4:15:00,373.62,45.61,35.54,36.37
4:15:10,373.62,45.61,35.54,36.36
4:15:20,373.61,45.61,35.54,36.36
4:15:30,373.61,45.61,35.55,36.36
4:15:40,373.62,45.62,35.56,36.38
4:15:50,373.62,45.63,35.56,36.38
4:16:00,373.61,45.63,35.56,36.38
4:16:10,373.61,45.64,35.57,36.38
4:16:20,373.62,45.64,35.59,36.39
4:16:30,373.62,45.65,35.6,36.39
4:16:40,373.61,45.65,35.6,36.39
4:16:50,373.61,45.65,35.59,36.4
4:17:00,373.59,45.66,35.6,36.4
4:17:10,373.57,45.66,35.61,36.41
4:17:20,373.54,45.67,35.62,36.42
4:17:30,373.55,45.68,35.64,36.43
4:17:40,373.55,45.69,35.65,36.43
4:17:50,373.55,45.7,35.66,36.44
4:18:00,373.55,45.7,35.65,36.44
4:18:10,373.55,45.7,35.64,36.43
4:18:20,373.55,45.7,35.64,36.43
4:18:30,373.55,45.71,35.63,36.44
4:18:40,373.55,45.71,35.63,36.43
4:18:50,373.56,45.72,35.64,36.45
4:19:00,373.56,45.73,35.65,36.46
4:19:10,373.56,45.73,35.65,36.45
4:19:20,373.57,45.73,35.64,36.45
4:19:30,373.57,45.74,35.64,36.46
4:19:40,373.57,45.75,35.65,36.47
4:19:50,373.58,45.76,35.66,36.48
4:20:00,373.57,45.76,35.65,36.48
4:20:10,373.57,45.76,35.66,36.48
4:20:20,373.57,45.76,35.66,36.48
4:20:30,373.57,45.76,35.66,36.47
4:20:40,373.56,45.76,35.66,36.46
4:20:50,373.57,45.76,35.66,36.48
4:21:00,373.57,45.77,35.66,36.48
4:21:10,373.57,45.77,35.66,36.49
4:21:20,373.57,45.78,35.67,36.5
4:21:30,373.57,45.78,35.68,36.5
4:21:40,373.56,45.77,35.67,36.49
4:21:50,373.56,45.78,35.69,36.49
4:22:00,373.56,45.78,35.69,36.49
4:22:10,373.57,45.79,35.69,36.5
4:22:20,373.57,45.8,35.7,36.5
4:22:30,373.56,45.8,35.7,36.51
4:22:40,373.56,45.8,35.7,36.51
4:22:50,373.56,45.81,35.71,36.52
4:23:00,373.56,45.81,35.72,36.52
4:23:10,373.56,45.82,35.73,36.54
4:23:20,373.57,45.83,35.76,36.55
4:23:30,373.57,45.83,35.77,36.55
4:23:40,373.56,45.83,35.77,36.54
4:23:50,373.56,45.84,35.77,36.54
4:24:00,373.56,45.84,35.76,36.53
4:24:10,373.56,45.84,35.76,36.53
4:24:20,373.56,45.83,35.76,36.53
4:24:30,373.56,45.84,35.76,36.54
4:24:40,373.55,45.83,35.75,36.53
4:24:50,373.56,45.84,35.76,36.55
4:25:00,373.56,45.84,35.77,36.56
4:25:10,373.55,45.84,35.79,36.56
4:25:20,373.56,45.85,35.81,36.57
4:25:30,373.56,45.86,35.83,36.59
4:25:40,373.56,45.86,35.84,36.58
4:25:50,373.55,45.86,35.85,36.58
4:26:00,373.54,45.86,35.84,36.57
4:26:10,373.55,45.86,35.84,36.57
4:26:20,373.55,45.87,35.85,36.58
4:26:30,373.54,45.86,35.85,36.59
4:26:40,373.54,45.87,35.87,36.6
4:26:50,373.54,45.87,35.87,36.6
4:27:00,373.53,45.88,35.88,36.61
4:27:10,373.54,45.9,35.89,36.61
4:27:20,373.54,45.9,35.89,36.61
4:27:30,373.54,45.91,35.89,36.6
4:27:40,373.54,45.92,35.89,36.61
4:27:50,373.78,45.92,35.88,36.6
4:28:00,375,45.94,35.89,36.6
4:28:10,376.91,46,35.89,36.62
4:28:20,379.01,46.06,35.88,36.62
4:28:30,381.06,46.15,35.89,36.63
4:28:40,383,46.24,35.9,36.65
4:28:50,384.83,46.34,35.91,36.67
4:29:00,386.54,46.44,35.91,36.67
4:29:10,388.16,46.53,35.93,36.67
4:29:20,389.69,46.63,35.93,36.69
4:29:30,391.12,46.72,35.94,36.71
4:29:40,392.46,46.81,35.94,36.71
4:29:50,393.71,46.9,35.95,36.72
4:30:00,394.89,46.99,35.96,36.74
4:30:10,395.99,47.07,35.96,36.75
4:30:20,397.02,47.15,35.97,36.77
4:30:30,397.97,47.23,35.98,36.77
4:30:40,398.87,47.3,36.01,36.8
4:30:50,399.7,47.37,36.05,36.81
4:31:00,400.49,47.44,36.06,36.84
4:31:10,401.23,47.51,36.08,36.87
4:31:20,401.92,47.57,36.12,36.89
4:31:30,402.57,47.64,36.14,36.9
4:31:40,403.17,47.7,36.17,36.91
4:31:50,403.75,47.76,36.19,36.93
4:32:00,404.28,47.81,36.2,36.93
4:32:10,404.78,47.87,36.2,36.95
4:32:20,405.23,47.91,36.19,36.97
4:32:30,405.67,47.96,36.2,36.99
4:32:40,406.08,48.01,36.22,37
4:32:50,406.46,48.05,36.22,37.02
4:33:00,406.8,48.09,36.23,37.05
4:33:10,407.14,48.14,36.25,37.08
4:33:20,407.46,48.18,36.26,37.1
4:33:30,407.75,48.22,36.27,37.11
4:33:40,408.02,48.26,36.28,37.12
4:33:50,408.27,48.29,36.29,37.14
4:34:00,408.51,48.33,36.3,37.15
4:34:10,408.73,48.35,36.3,37.17
4:34:20,408.93,48.38,36.32,37.18
4:34:30,409.14,48.42,36.33,37.21
4:34:40,409.32,48.45,36.35,37.23
4:34:50,409.49,48.48,36.36,37.24
4:35:00,409.66,48.51,36.38,37.26
4:35:10,409.81,48.53,36.39,37.29
4:35:20,409.94,48.55,36.4,37.3
4:35:30,410.07,48.58,36.43,37.32
4:35:40,410.2,48.61,36.45,37.34
4:35:50,410.32,48.64,36.47,37.36
4:36:00,410.42,48.66,36.49,37.38
4:36:10,410.53,48.69,36.51,37.39
4:36:20,410.62,48.7,36.51,37.4
4:36:30,410.71,48.72,36.54,37.4
4:36:40,410.79,48.73,36.57,37.42
4:36:50,410.87,48.76,36.61,37.45
4:37:00,410.95,48.79,36.66,37.48
4:37:10,411.03,48.82,36.7,37.5
4:37:20,411.08,48.83,36.71,37.5
4:37:30,411.14,48.86,36.74,37.53
4:37:40,411.2,48.88,36.75,37.54
4:37:50,411.25,48.9,36.76,37.53
4:38:00,411.3,48.92,36.76,37.54
4:38:10,411.35,48.94,36.77,37.55
4:38:20,411.4,48.96,36.77,37.57
4:38:30,411.44,48.97,36.77,37.58
4:38:40,411.48,48.98,36.77,37.61
4:38:50,411.51,49,36.79,37.63
4:39:00,411.56,49.02,36.81,37.64
4:39:10,411.59,49.04,36.82,37.66
4:39:20,411.62,49.05,36.82,37.68
4:39:30,411.65,49.06,36.83,37.68
4:39:40,411.68,49.08,36.84,37.7
4:39:50,411.71,49.09,36.85,37.71
4:40:00,411.73,49.11,36.85,37.72
4:40:10,411.75,49.12,36.86,37.75
4:40:20,411.78,49.15,36.87,37.77
4:40:30,411.81,49.16,36.88,37.79
4:40:40,411.83,49.18,36.89,37.8
4:40:50,411.84,49.19,36.91,37.82
4:41:00,411.87,49.22,36.94,37.84
4:41:10,411.89,49.24,36.96,37.85
4:41:20,411.9,49.25,36.96,37.86
4:41:30,411.91,49.26,36.97,37.86
4:41:40,411.92,49.27,36.98,37.88
4:41:50,411.94,49.29,36.99,37.9
4:42:00,411.96,49.31,37.01,37.91
4:42:10,411.97,49.32,37.03,37.91
4:42:20,411.99,49.33,37.05,37.93
4:42:30,412,49.35,37.08,37.94
4:42:40,412.01,49.36,37.1,37.97
4:42:50,412.01,49.37,37.12,37.99
4:43:00,412.03,49.4,37.14,38.01
4:43:10,412.03,49.4,37.14,38.02
4:43:20,412.04,49.42,37.16,38.03
4:43:30,412.04,49.43,37.17,38.03
4:43:40,412.05,49.45,37.19,38.03
4:43:50,412.05,49.46,37.2,38.04
4:44:00,412.06,49.48,37.22,38.07
4:44:10,412.07,49.49,37.24,38.09
4:44:20,412.07,49.5,37.25,38.11
4:44:30,412.08,49.52,37.27,38.11
4:44:40,412.09,49.53,37.27,38.1
4:44:50,412.09,49.54,37.27,38.1
4:45:00,412.09,49.55,37.28,38.12
4:45:10,412.1,49.56,37.28,38.13
4:45:20,412.11,49.56,37.28,38.14
4:45:30,412.11,49.57,37.28,38.16
4:45:40,412.11,49.58,37.29,38.18
4:45:50,412.11,49.59,37.31,38.2
4:46:00,412.12,49.61,37.33,38.22
4:46:10,412.13,49.62,37.34,38.22
4:46:20,412.13,49.64,37.35,38.23
4:46:30,412.13,49.64,37.36,38.23
4:46:40,412.13,49.65,37.36,38.25
4:46:50,412.13,49.66,37.37,38.24
4:47:00,412.13,49.66,37.37,38.26
4:47:10,412.13,49.67,37.39,38.27
4:47:20,412.15,49.7,37.41,38.3
4:47:30,412.15,49.71,37.42,38.3
4:47:40,412.16,49.72,37.43,38.31
4:47:50,412.16,49.73,37.43,38.31
4:48:00,412.16,49.74,37.44,38.32
4:48:10,412.16,49.75,37.45,38.34
4:48:20,412.17,49.76,37.45,38.35
4:48:30,412.16,49.76,37.45,38.36
4:48:40,412.16,49.77,37.47,38.38
4:48:50,412.17,49.79,37.48,38.38
4:49:00,412.16,49.79,37.48,38.38
4:49:10,412.17,49.8,37.49,38.39
4:49:20,412.17,49.81,37.49,38.41
4:49:30,412.17,49.83,37.5,38.42
4:49:40,412.18,49.84,37.52,38.44
4:49:50,412.18,49.86,37.54,38.46
4:50:00,412.18,49.87,37.55,38.46
4:50:10,412.18,49.88,37.56,38.47
4:50:20,412.19,49.89,37.56,38.48
4:50:30,412.19,49.9,37.56,38.48
4:50:40,412.19,49.9,37.56,38.49
4:50:50,412.19,49.92,37.58,38.5
4:51:00,412.19,49.93,37.61,38.51
4:51:10,412.19,49.93,37.62,38.52
4:51:20,412.19,49.94,37.63,38.51
4:51:30,412.19,49.94,37.63,38.52
4:51:40,412.19,49.95,37.63,38.53
4:51:50,412.2,49.97,37.63,38.54
4:52:00,412.2,49.97,37.64,38.55
4:52:10,412.2,49.98,37.65,38.56
4:52:20,412.2,49.98,37.66,38.58
4:52:30,412.21,50,37.67,38.59
4:52:40,412.2,50,37.67,38.59
4:52:50,412.21,50.01,37.68,38.6
4:53:00,412.22,50.03,37.7,38.62
4:53:10,412.21,50.03,37.69,38.61
4:53:20,412.21,50.04,37.7,38.62
4:53:30,412.21,50.04,37.7,38.64
4:53:40,412.21,50.05,37.71,38.66
4:53:50,412.21,50.05,37.72,38.65
4:54:00,412.21,50.07,37.73,38.67
4:54:10,412.21,50.08,37.74,38.67
4:54:20,412.21,50.08,37.74,38.67
4:54:30,412.22,50.09,37.75,38.69
4:54:40,412.22,50.1,37.75,38.69
4:54:50,412.22,50.11,37.76,38.69
4:55:00,412.22,50.11,37.76,38.7
4:55:10,412.22,50.11,37.77,38.71
4:55:20,412.22,50.12,37.79,38.72
4:55:30,412.23,50.13,37.8,38.73
4:55:40,412.22,50.12,37.8,38.71
4:55:50,412.22,50.13,37.8,38.73
4:56:00,412.21,50.13,37.79,38.72
4:56:10,412.21,50.14,37.8,38.73
4:56:20,412.22,50.16,37.81,38.76
4:56:30,412.23,50.17,37.83,38.77
4:56:40,412.23,50.18,37.83,38.77
4:56:50,412.23,50.18,37.83,38.78
4:57:00,412.23,50.19,37.83,38.79
4:57:10,412.23,50.2,37.83,38.8
4:57:20,412.22,50.2,37.84,38.8
4:57:30,412.23,50.21,37.85,38.8
4:57:40,412.23,50.22,37.85,38.8
4:57:50,412.23,50.22,37.87,38.8
4:58:00,412.23,50.23,37.87,38.81
4:58:10,412.22,50.23,37.87,38.82
4:58:20,412.23,50.24,37.88,38.84
4:58:30,412.23,50.24,37.88,38.85
4:58:40,412.24,50.25,37.9,38.84
4:58:50,412.23,50.25,37.9,38.85
4:59:00,412.23,50.25,37.89,38.86
4:59:10,412.23,50.27,37.91,38.87
4:59:20,412.23,50.27,37.91,38.88
4:59:30,412.23,50.28,37.91,38.88
4:59:40,412.24,50.29,37.92,38.9
4:59:50,412.24,50.29,37.93,38.9
5:00:00,412.23,50.3,37.93,38.91
5:00:10,412.24,50.31,37.94,38.92
5:00:20,412.24,50.32,37.96,38.92
5:00:30,412.25,50.33,37.96,38.92
5:00:40,412.24,50.33,37.96,38.93
5:00:50,412.24,50.33,37.96,38.94
5:01:00,412.24,50.34,37.97,38.95
5:01:10,412.24,50.34,37.97,38.95
5:01:20,412.24,50.35,37.98,38.95
5:01:30,412.24,50.36,37.99,38.95
5:01:40,412.24,50.36,38,38.97
5:01:50,412.24,50.37,37.99,38.97
5:02:00,412.24,50.37,38,38.97
5:02:10,412.24,50.38,38.01,38.97
5:02:20,412.24,50.38,38.01,38.97
5:02:30,412.24,50.38,38.02,38.97
5:02:40,412.25,50.39,38.03,38.99
5:02:50,412.24,50.4,38.03,39.01
5:03:00,412.23,50.4,38.03,39
5:03:10,412.24,50.41,38.04,39.01
5:03:20,412.25,50.42,38.05,39.03
5:03:30,412.25,50.42,38.06,39.02
5:03:40,412.24,50.42,38.06,39.03
5:03:50,412.25,50.44,38.07,39.04
5:04:00,412.25,50.44,38.08,39.04
5:04:10,412.26,50.45,38.09,39.05
5:04:20,412.26,50.45,38.09,39.06
5:04:30,412.25,50.46,38.09,39.06
5:04:40,412.25,50.46,38.1,39.06
5:04:50,412.25,50.47,38.1,39.06
5:05:00,412.24,50.46,38.1,39.06
5:05:10,412.25,50.48,38.11,39.07
5:05:20,412.25,50.49,38.12,39.08
5:05:30,412.25,50.49,38.11,39.09
5:05:40,412.24,50.5,38.11,39.09
5:05:50,412.25,50.51,38.13,39.1
5:06:00,412.24,50.5,38.13,39.1
5:06:10,412.25,50.52,38.14,39.11
5:06:20,412.25,50.52,38.15,39.13
5:06:30,412.26,50.53,38.16,39.13
5:06:40,412.26,50.53,38.16,39.13
5:06:50,412.25,50.53,38.16,39.13
5:07:00,412.25,50.53,38.16,39.13
5:07:10,412.25,50.54,38.16,39.14
5:07:20,412.26,50.55,38.17,39.14
5:07:30,412.26,50.56,38.17,39.15
5:07:40,412.25,50.55,38.17,39.14
5:07:50,412.25,50.56,38.19,39.16
5:08:00,412.25,50.57,38.19,39.16
5:08:10,412.26,50.57,38.2,39.18
5:08:20,412.25,50.57,38.19,39.18
5:08:30,412.26,50.58,38.19,39.19
5:08:40,412.25,50.58,38.2,39.19
5:08:50,412.25,50.58,38.2,39.19
5:09:00,412.25,50.59,38.2,39.2
5:09:10,412.25,50.6,38.22,39.21
5:09:20,412.26,50.6,38.21,39.21
5:09:30,412.25,50.6,38.21,39.21
5:09:40,412.25,50.6,38.21,39.21
5:09:50,412.25,50.61,38.2,39.21
5:10:00,412.24,50.61,38.21,39.22
5:10:10,412.25,50.62,38.22,39.23
5:10:20,412.25,50.63,38.22,39.24
5:10:30,412.26,50.64,38.23,39.24
5:10:40,412.25,50.64,38.24,39.25
5:10:50,412.25,50.64,38.25,39.26
5:11:00,412.25,50.65,38.26,39.27
5:11:10,412.25,50.66,38.27,39.26
5:11:20,412.25,50.66,38.27,39.26
5:11:30,412.25,50.66,38.27,39.26
5:11:40,412.25,50.66,38.27,39.27
5:11:50,412.25,50.67,38.28,39.27
5:12:00,412.25,50.67,38.29,39.27
5:12:10,412.25,50.66,38.29,39.25
5:12:20,412.24,50.66,38.31,39.28
5:12:30,412.25,50.67,38.34,39.29
5:12:40,412.25,50.67,38.36,39.28
5:12:50,412.25,50.68,38.37,39.29
5:13:00,412.25,50.68,38.38,39.29
5:13:10,412.24,50.69,38.37,39.3
5:13:20,412.25,50.7,38.38,39.32
5:13:30,412.24,50.7,38.4,39.31
5:13:40,412.25,50.71,38.42,39.33
5:13:50,412.25,50.73,38.44,39.34
5:14:00,412.25,50.74,38.46,39.34
5:14:10,412.25,50.74,38.48,39.34
5:14:20,412.25,50.75,38.48,39.35
5:14:30,412.24,50.74,38.46,39.35
